[{"id":"3301","nama":"KAB. CILACAP"},{"id":"3302","nama":"KAB. BANYUMAS"},{"id":"3303","nama":"KAB. PURBALINGGA"},{"id":"3304","nama":"KAB. BANJARNEGARA"},{"id":"3305","nama":"KAB. KEBUMEN"},{"id":"3306","nama":"KAB. PURWOREJO"},{"id":"3307","nama":"KAB. WONOSOBO"},{"id":"3308","nama":"KAB. MAGELANG"},{"id":"3309","nama":"KAB. BOYOLALI"},{"id":"3310","nama":"KAB. KLATEN"},{"id":"3311","nama":"KAB. SUKOHARJO"},{"id":"3312","nama":"KAB. WONOGIRI"},{"id":"3313","nama":"KAB. KARANGANYAR"},{"id":"3314","nama":"KAB. SRAGEN"},{"id":"3315","nama":"KAB. GROBOGAN"},{"id":"3316","nama":"KAB. BLORA"},{"id":"3317","nama":"KAB. REMBANG"},{"id":"3318","nama":"KAB. PATI"},{"id":"3319","nama":"KAB. KUDUS"},{"id":"3320","nama":"KAB. JEPARA"},{"id":"3321","nama":"KAB. DEMAK"},{"id":"3322","nama":"KAB. SEMARANG"},{"id":"3323","nama":"KAB. TEMANGGUNG"},{"id":"3324","nama":"KAB. KENDAL"},{"id":"3325","nama":"KAB. BATANG"},{"id":"3326","nama":"KAB. PEKALONGAN"},{"id":"3327","nama":"KAB. PEMALANG"},{"id":"3328","nama":"KAB. TEGAL"},{"id":"3329","nama":"KAB. BREBES"},{"id":"3371","nama":"KOTA MAGELANG"},{"id":"3372","nama":"KOTA SURAKARTA"},{"id":"3373","nama":"KOTA SALATIGA"},{"id":"3374","nama":"KOTA SEMARANG"},{"id":"3375","nama":"KOTA PEKALONGAN"},{"id":"3376","nama":"KOTA TEGAL"}]