[{"id":"6301","nama":"KAB. TANAH LAUT"},{"id":"6302","nama":"KAB. KOTABARU"},{"id":"6303","nama":"KAB. BANJAR"},{"id":"6304","nama":"KAB. BARITO KUALA"},{"id":"6305","nama":"KAB. TAPIN"},{"id":"6306","nama":"KAB. HULU SUNGAI SELATAN"},{"id":"6307","nama":"KAB. HULU SUNGAI TENGAH"},{"id":"6308","nama":"KAB. HULU SUNGAI UTARA"},{"id":"6309","nama":"KAB. TABALONG"},{"id":"6310","nama":"KAB. TANAH BUMBU"},{"id":"6311","nama":"KAB. BALANGAN"},{"id":"6371","nama":"KOTA BANJARMASIN"},{"id":"6372","nama":"KOTA BANJARBARU"}]