[{"id":"9101","nama":"KAB. MERAUKE"},{"id":"9102","nama":"KAB. JAYAWIJAYA"},{"id":"9103","nama":"KAB. JAYAPURA"},{"id":"9104","nama":"KAB. NABIRE"},{"id":"9105","nama":"KAB. KEPULAUAN YAPEN"},{"id":"9106","nama":"KAB. BIAK NUMFOR"},{"id":"9107","nama":"KAB. PUNCAK JAYA"},{"id":"9108","nama":"KAB. PANIAI"},{"id":"9109","nama":"KAB. MIMIKA"},{"id":"9110","nama":"KAB. SARMI"},{"id":"9111","nama":"KAB. KEEROM"},{"id":"9112","nama":"KAB. PEGUNUNGAN BINTANG"},{"id":"9113","nama":"KAB. YAHUKIMO"},{"id":"9114","nama":"KAB. TOLIKARA"},{"id":"9115","nama":"KAB. WAROPEN"},{"id":"9116","nama":"KAB. BOVEN DIGOEL"},{"id":"9117","nama":"KAB. MAPPI"},{"id":"9118","nama":"KAB. ASMAT"},{"id":"9119","nama":"KAB. SUPIORI"},{"id":"9120","nama":"KAB. MAMBERAMO RAYA"},{"id":"9121","nama":"KAB. MAMBERAMO TENGAH"},{"id":"9122","nama":"KAB. YALIMO"},{"id":"9123","nama":"KAB. LANNY JAYA"},{"id":"9124","nama":"KAB. NDUGA"},{"id":"9125","nama":"KAB. PUNCAK"},{"id":"9126","nama":"KAB. DOGIYAI"},{"id":"9127","nama":"KAB. INTAN JAYA"},{"id":"9128","nama":"KAB. DEIYAI"},{"id":"9171","nama":"KOTA JAYAPURA"}]