[{"id":"9201","nama":"KAB. SORONG"},{"id":"9202","nama":"KAB. MANOKWARI"},{"id":"9203","nama":"KAB. FAK FAK"},{"id":"9204","nama":"KAB. SORONG SELATAN"},{"id":"9205","nama":"KAB. RAJA AMPAT"},{"id":"9206","nama":"KAB. TELUK BINTUNI"},{"id":"9207","nama":"KAB. TELUK WONDAMA"},{"id":"9208","nama":"KAB. KAIMANA"},{"id":"9209","nama":"KAB. TAMBRAUW"},{"id":"9210","nama":"KAB. MAYBRAT"},{"id":"9211","nama":"KAB. MANOKWARI SELATAN"},{"id":"9212","nama":"KAB. PEGUNUNGAN ARFAK"},{"id":"9271","nama":"KOTA SORONG"}]