[{"id":"110101","nama":"Bakongan"},{"id":"110102","nama":"Kluet Utara"},{"id":"110103","nama":"Kluet Selatan"},{"id":"110104","nama":"Labuhan Haji"},{"id":"110105","nama":"Meukek"},{"id":"110106","nama":"Samadua"},{"id":"110107","nama":"Sawang"},{"id":"110108","nama":"Tapaktuan"},{"id":"110109","nama":"Trumon"},{"id":"110110","nama":"Pasi Raja"},{"id":"110111","nama":"Labuhan Haji Timur"},{"id":"110112","nama":"Labuhan Haji Barat"},{"id":"110113","nama":"Kluet Tengah"},{"id":"110114","nama":"Kluet Timur"},{"id":"110115","nama":"Bakongan  Timur"},{"id":"110116","nama":"Trumon Timur"},{"id":"110117","nama":"Kota Bahagia"},{"id":"110118","nama":"Trumon Tengah"}]