[{"id":"110601","nama":"Lhoong"},{"id":"110602","nama":"Lhoknga"},{"id":"110603","nama":"Indrapuri"},{"id":"110604","nama":"Seulimeum"},{"id":"110605","nama":"Montasik"},{"id":"110606","nama":"Sukamakmur"},{"id":"110607","nama":"Darul Imarah"},{"id":"110608","nama":"Peukan Bada"},{"id":"110609","nama":"Mesjid Raya"},{"id":"110610","nama":"Ingin Jaya"},{"id":"110611","nama":"Kuta Baro"},{"id":"110612","nama":"Darussalam"},{"id":"110613","nama":"Pulo Aceh"},{"id":"110614","nama":"Lembah Seulawah"},{"id":"110615","nama":"Kota Jantho"},{"id":"110616","nama":"Kota Cot Glie"},{"id":"110617","nama":"Kuta Malaka"},{"id":"110618","nama":"Simpang Tiga"},{"id":"110619","nama":"Darul Kamal"},{"id":"110620","nama":"Baitussalam"},{"id":"110621","nama":"Krueng Barona Jaya"},{"id":"110622","nama":"Leupung"},{"id":"110623","nama":"Blang Bintang"}]