[{"id":"110703","nama":"Batee"},{"id":"110704","nama":"Delima"},{"id":"110705","nama":"Geumpang"},{"id":"110706","nama":"Geulumpang  Tiga"},{"id":"110707","nama":"Indra Jaya"},{"id":"110708","nama":"Kembang Tanjong"},{"id":"110709","nama":"Kota Sigli"},{"id":"110711","nama":"Mila"},{"id":"110712","nama":"Muara Tiga"},{"id":"110713","nama":"Mutiara"},{"id":"110714","nama":"Padang Tiji"},{"id":"110715","nama":"Peukan Baro"},{"id":"110716","nama":"Pidie"},{"id":"110717","nama":"Sakti"},{"id":"110718","nama":"Simpang Tiga"},{"id":"110719","nama":"Tangse"},{"id":"110721","nama":"Tiro\/Truseb"},{"id":"110722","nama":"Keumala"},{"id":"110724","nama":"Mutiara Timur"},{"id":"110725","nama":"Grong-grong"},{"id":"110727","nama":"Mane"},{"id":"110729","nama":"Glumpang  Baro"},{"id":"110731","nama":"Titeue"}]