[{"id":"110801","nama":"Baktiya"},{"id":"110802","nama":"Dewantara"},{"id":"110803","nama":"Kuta Makmur"},{"id":"110804","nama":"Lhoksukon"},{"id":"110805","nama":"Matangkuli"},{"id":"110806","nama":"Muara Batu"},{"id":"110807","nama":"Meurah Mulia"},{"id":"110808","nama":"Samudera"},{"id":"110809","nama":"Seunuddon"},{"id":"110810","nama":"Syamtalira Aron"},{"id":"110811","nama":"Syamtalira Bayu"},{"id":"110812","nama":"Tanah Luas"},{"id":"110813","nama":"Tanah Pasir"},{"id":"110814","nama":"T. Jambo Aye"},{"id":"110815","nama":"Sawang"},{"id":"110816","nama":"Nisam"},{"id":"110817","nama":"Cot Girek"},{"id":"110818","nama":"Langkahan"},{"id":"110819","nama":"Baktiya Barat"},{"id":"110820","nama":"Paya Bakong"},{"id":"110821","nama":"Nibong"},{"id":"110822","nama":"Simpang Kramat"},{"id":"110823","nama":"Lapang"},{"id":"110824","nama":"Pirak Timur"},{"id":"110825","nama":"Geuredong Pase"},{"id":"110826","nama":"Banda Baro"},{"id":"110827","nama":"Nisam Antara"}]