[{"id":"111101","nama":"Samalanga"},{"id":"111102","nama":"Jeunieb"},{"id":"111103","nama":"Peudada"},{"id":"111104","nama":"Jeumpa"},{"id":"111105","nama":"Peusangan"},{"id":"111106","nama":"Makmur"},{"id":"111107","nama":"Gandapura"},{"id":"111108","nama":"Pandrah"},{"id":"111109","nama":"Juli"},{"id":"111110","nama":"Jangka"},{"id":"111111","nama":"Simpang Mamplam"},{"id":"111112","nama":"Peulimbang"},{"id":"111113","nama":"Kota Juang"},{"id":"111114","nama":"Kuala"},{"id":"111115","nama":"Peusangan Siblah Krueng"},{"id":"111116","nama":"Peusangan  Selatan"},{"id":"111117","nama":"Kuta Blang"}]