[{"id":"120101","nama":"Barus"},{"id":"120102","nama":"Sorkam"},{"id":"120103","nama":"Pandan"},{"id":"120104","nama":"Pinangsori"},{"id":"120105","nama":"Manduamas"},{"id":"120106","nama":"Kolang"},{"id":"120107","nama":"Tapian Nauli"},{"id":"120108","nama":"Sibabangun"},{"id":"120109","nama":"Sosorgadong"},{"id":"120110","nama":"Sorkam Barat"},{"id":"120111","nama":"Sirandorung"},{"id":"120112","nama":"Andam Dewi"},{"id":"120113","nama":"Sitahuis"},{"id":"120114","nama":"Tukka"},{"id":"120115","nama":"Badiri"},{"id":"120116","nama":"Pasaribu Tobing"},{"id":"120117","nama":"Barus Utara"},{"id":"120118","nama":"Suka Bangun"},{"id":"120119","nama":"Lumut"},{"id":"120120","nama":"Sarudik"}]