[{"id":"120201","nama":"Tarutung"},{"id":"120202","nama":"Siatas Barita"},{"id":"120203","nama":"Adian Koting"},{"id":"120204","nama":"Sipoholon"},{"id":"120205","nama":"Pahae Julu"},{"id":"120206","nama":"Pahae Jae"},{"id":"120207","nama":"Simangumban"},{"id":"120208","nama":"Purba Tua"},{"id":"120209","nama":"Siborong-Borong"},{"id":"120210","nama":"Pagaran"},{"id":"120211","nama":"Parmonangan"},{"id":"120212","nama":"Sipahutar"},{"id":"120213","nama":"Pangaribuan"},{"id":"120214","nama":"Garoga"},{"id":"120215","nama":"Muara"}]