[{"id":"120601","nama":"Kabanjahe"},{"id":"120602","nama":"Berastagi"},{"id":"120603","nama":"Barusjahe"},{"id":"120604","nama":"Tigapanah"},{"id":"120605","nama":"Merek"},{"id":"120606","nama":"Munte"},{"id":"120607","nama":"Juhar"},{"id":"120608","nama":"Tigabinanga"},{"id":"120609","nama":"Laubaleng"},{"id":"120610","nama":"Mardingding"},{"id":"120611","nama":"Payung"},{"id":"120612","nama":"Simpang Empat"},{"id":"120613","nama":"Kutabuluh"},{"id":"120614","nama":"Dolat Rayat"},{"id":"120615","nama":"Merdeka"},{"id":"120616","nama":"Naman Teran"},{"id":"120617","nama":"Tiganderket"}]