[{"id":"121201","nama":"Balige"},{"id":"121202","nama":"Laguboti"},{"id":"121203","nama":"Silaen"},{"id":"121204","nama":"Habinsaran"},{"id":"121205","nama":"Pintu Pohan Meranti"},{"id":"121206","nama":"Borbor"},{"id":"121207","nama":"Porsea"},{"id":"121208","nama":"Ajibata"},{"id":"121209","nama":"Lumban Julu"},{"id":"121210","nama":"Uluan"},{"id":"121219","nama":"Sigumpar"},{"id":"121220","nama":"Siantar Narumonda"},{"id":"121221","nama":"Nassau"},{"id":"121222","nama":"Tampahan"},{"id":"121223","nama":"Bonatua Lunasi"},{"id":"121224","nama":"Parmaksian"}]