[{"id":"121801","nama":"Pantai Cermin"},{"id":"121802","nama":"Perbaungan"},{"id":"121803","nama":"Teluk Mengkudu"},{"id":"121804","nama":"Sei Rampah"},{"id":"121805","nama":"Tanjung Beringin"},{"id":"121806","nama":"Bandar Khalifah"},{"id":"121807","nama":"Dolok Merawan"},{"id":"121808","nama":"Sipispis"},{"id":"121809","nama":"Dolok Masihul"},{"id":"121810","nama":"Kotarih"},{"id":"121811","nama":"Silinda"},{"id":"121812","nama":"Serba Jadi"},{"id":"121813","nama":"Tebing Tinggi"},{"id":"121814","nama":"Pegajahan"},{"id":"121815","nama":"Sei Bamban"},{"id":"121816","nama":"Tebing Syahbandar"},{"id":"121817","nama":"Bintang Bayu"}]