[{"id":"127101","nama":"Medan Kota"},{"id":"127102","nama":"Medan Sunggal"},{"id":"127103","nama":"Medan Helvetia"},{"id":"127104","nama":"Medan Denai"},{"id":"127105","nama":"Medan Barat"},{"id":"127106","nama":"Medan Deli"},{"id":"127107","nama":"Medan Tuntungan"},{"id":"127108","nama":"Medan Belawan"},{"id":"127109","nama":"Medan Amplas"},{"id":"127110","nama":"Medan Area"},{"id":"127111","nama":"Medan Johor"},{"id":"127112","nama":"Medan Marelan"},{"id":"127113","nama":"Medan Labuhan"},{"id":"127114","nama":"Medan Tembung"},{"id":"127115","nama":"Medan Maimun"},{"id":"127116","nama":"Medan Polonia"},{"id":"127117","nama":"Medan Baru"},{"id":"127118","nama":"Medan Perjuangan"},{"id":"127119","nama":"Medan Petisah"},{"id":"127120","nama":"Medan Timur"},{"id":"127121","nama":"Medan Selayang"}]