[{"id":"130101","nama":"Pancung Soal"},{"id":"130102","nama":"Ranah Pesisir"},{"id":"130103","nama":"Lengayang"},{"id":"130104","nama":"Batang Kapas"},{"id":"130105","nama":"IV Jurai"},{"id":"130106","nama":"Bayang"},{"id":"130107","nama":"Koto XI Tarusan"},{"id":"130108","nama":"Sutera"},{"id":"130109","nama":"Linggo Sari Baganti"},{"id":"130110","nama":"Lunang"},{"id":"130111","nama":"Basa Ampek Balai Tapan"},{"id":"130112","nama":"IV Nagari Bayang Utara"},{"id":"130113","nama":"Airpura"},{"id":"130114","nama":"Ranah Ampek Hulu Tapan"},{"id":"130115","nama":"Silaut"}]