[{"id":"130401","nama":"X Koto"},{"id":"130402","nama":"Batipuh"},{"id":"130403","nama":"Rambatan"},{"id":"130404","nama":"Lima Kaum"},{"id":"130405","nama":"Tanjung Emas"},{"id":"130406","nama":"Lintau Buo"},{"id":"130407","nama":"Sungayang"},{"id":"130408","nama":"Sungai Tarab"},{"id":"130409","nama":"Pariangan"},{"id":"130410","nama":"Salimpauang"},{"id":"130411","nama":"Padang Ganting"},{"id":"130412","nama":"Tanjuang Baru"},{"id":"130413","nama":"Lintau Buo Utara"},{"id":"130414","nama":"Batipuah Selatan"}]