[{"id":"140201","nama":"Rengat"},{"id":"140202","nama":"Rengat Barat"},{"id":"140203","nama":"Kelayang"},{"id":"140204","nama":"Pasir Penyu"},{"id":"140205","nama":"Peranap"},{"id":"140206","nama":"Siberida"},{"id":"140207","nama":"Batang Cenaku"},{"id":"140208","nama":"Batang Gangsal"},{"id":"140209","nama":"Lirik"},{"id":"140210","nama":"Kuala Cenaku"},{"id":"140211","nama":"Sungai Lala"},{"id":"140212","nama":"Lubuk Batu Jaya"},{"id":"140213","nama":"Rakit Kulim"},{"id":"140214","nama":"Batang Peranap"}]