[{"id":"140401","nama":"Reteh"},{"id":"140402","nama":"Enok"},{"id":"140403","nama":"Kuala Indragiri"},{"id":"140404","nama":"Tembilahan"},{"id":"140405","nama":"Tempuling"},{"id":"140406","nama":"Gaung Anak Serka"},{"id":"140407","nama":"Mandah"},{"id":"140408","nama":"Kateman"},{"id":"140409","nama":"Keritang"},{"id":"140410","nama":"Tanah Merah"},{"id":"140411","nama":"Batang Tuaka"},{"id":"140412","nama":"Gaung"},{"id":"140413","nama":"Tembilahan Hulu"},{"id":"140414","nama":"Kemuning"},{"id":"140415","nama":"Pelangiran"},{"id":"140416","nama":"Teluk Belengkong"},{"id":"140417","nama":"Pulau Burung"},{"id":"140418","nama":"Concong"},{"id":"140419","nama":"Kempas"},{"id":"140420","nama":"Sungai Batang"}]