[{"id":"140601","nama":"Ujung Batu"},{"id":"140602","nama":"Rokan IV Koto"},{"id":"140603","nama":"Rambah"},{"id":"140604","nama":"Tambusai"},{"id":"140605","nama":"Kepenuhan"},{"id":"140606","nama":"Kunto Darussalam"},{"id":"140607","nama":"Rambah Samo"},{"id":"140608","nama":"Rambah Hilir"},{"id":"140609","nama":"Tambusai Utara"},{"id":"140610","nama":"Bangun Purba"},{"id":"140611","nama":"Tandun"},{"id":"140612","nama":"Kabun"},{"id":"140613","nama":"Bonai Darussalam"},{"id":"140614","nama":"Pagaran Tapah Darussalam"},{"id":"140615","nama":"Kepenuhan Hulu"},{"id":"140616","nama":"Pendalian IV Koto"}]