[{"id":"140901","nama":"Kuantan Mudik"},{"id":"140902","nama":"Kuantan Tengah"},{"id":"140903","nama":"Singingi"},{"id":"140904","nama":"Kuantan Hilir"},{"id":"140905","nama":"Cerenti"},{"id":"140906","nama":"Benai"},{"id":"140907","nama":"Gunungtoar"},{"id":"140908","nama":"Singingi Hilir"},{"id":"140909","nama":"Pangean"},{"id":"140910","nama":"Logas Tanah Darat"},{"id":"140911","nama":"Inuman"},{"id":"140912","nama":"Hulu Kuantan"},{"id":"140913","nama":"Kuantan Hilir Seberang"},{"id":"140914","nama":"Sentajo Raya"},{"id":"140915","nama":"Pucuk Rantau"}]