[{"id":"150201","nama":"Jangkat"},{"id":"150202","nama":"Bangko"},{"id":"150203","nama":"Muara Siau"},{"id":"150204","nama":"Sungai Manau"},{"id":"150205","nama":"Tabir"},{"id":"150206","nama":"Pamenang"},{"id":"150207","nama":"Tabir Ulu"},{"id":"150208","nama":"Tabir Selatan"},{"id":"150209","nama":"Lembah Masurai"},{"id":"150210","nama":"Bangko Barat"},{"id":"150211","nama":"Nalo Tatan"},{"id":"150212","nama":"Batang Masumai"},{"id":"150213","nama":"Pamenang Barat"},{"id":"150214","nama":"Tabir Ilir"},{"id":"150215","nama":"Tabir Timur"},{"id":"150216","nama":"Renah Pembarap"},{"id":"150217","nama":"Pangkalan Jambu"},{"id":"150218","nama":"Jangkat Timur"},{"id":"150219","nama":"Renah Pamenang"},{"id":"150220","nama":"Pamenang Selatan"},{"id":"150221","nama":"Margo Tabir"},{"id":"150222","nama":"Tabir Lintas"},{"id":"150223","nama":"Tabir Barat"},{"id":"150224","nama":"Tiang Pumpung"}]