[{"id":"150801","nama":"Tanah Tumbuh"},{"id":"150802","nama":"Rantau Pandan"},{"id":"150803","nama":"Pasar Muaro Bungo"},{"id":"150804","nama":"Jujuhan"},{"id":"150805","nama":"Tanah Sepenggal"},{"id":"150806","nama":"Pelepat"},{"id":"150807","nama":"Limbur Lubuk Mengkuang"},{"id":"150808","nama":"Muko-muko Bathin VII"},{"id":"150809","nama":"Pelepat Ilir"},{"id":"150810","nama":"Batin II Babeko"},{"id":"150811","nama":"Bathin III"},{"id":"150812","nama":"Bungo Dani"},{"id":"150813","nama":"Rimbo Tengah"},{"id":"150814","nama":"Bathin III Ulu"},{"id":"150815","nama":"Bathin II Pelayang"},{"id":"150816","nama":"Jujuhan Ilir"},{"id":"150817","nama":"Tanah Sepenggal Lintas"}]