[{"id":"160107","nama":"Sosoh Buay Rayap"},{"id":"160108","nama":"Pengandonan"},{"id":"160109","nama":"Peninjauan"},{"id":"160113","nama":"Baturaja Barat"},{"id":"160114","nama":"Baturaja Timur"},{"id":"160120","nama":"Ulu Ogan"},{"id":"160121","nama":"Semidang Aji"},{"id":"160122","nama":"Lubuk Batang"},{"id":"160128","nama":"Lengkiti"},{"id":"160129","nama":"Sinar Peninjauan"},{"id":"160130","nama":"Lubuk Raja"},{"id":"160131","nama":"Muara Jaya"},{"id":"160132","nama":"Kedaton Peninjauan Raya"}]