[{"id":"160202","nama":"Tanjung Lubuk"},{"id":"160203","nama":"Pedamaran"},{"id":"160204","nama":"Mesuji"},{"id":"160205","nama":"Kayu Agung"},{"id":"160208","nama":"Sirah Pulau Padang"},{"id":"160211","nama":"Tulung Selapan"},{"id":"160212","nama":"Pampangan"},{"id":"160213","nama":"Lempuing"},{"id":"160214","nama":"Air Sugihan"},{"id":"160215","nama":"Sungai Menang"},{"id":"160217","nama":"Jejawi"},{"id":"160218","nama":"Cengal"},{"id":"160219","nama":"Pangkalan Lampam"},{"id":"160220","nama":"Mesuji Makmur"},{"id":"160221","nama":"Mesuji Raya"},{"id":"160222","nama":"Lempuing Jaya"},{"id":"160223","nama":"Teluk Gelam"},{"id":"160224","nama":"Pedamaran Timur"}]