[{"id":"160501","nama":"Tugumulyo"},{"id":"160502","nama":"Muara Lakitan"},{"id":"160503","nama":"Muara Kelingi"},{"id":"160508","nama":"Jayaloka"},{"id":"160509","nama":"Muara Beliti"},{"id":"160510","nama":"STL Ulu Terawas"},{"id":"160511","nama":"Selangit"},{"id":"160512","nama":"Megang Sakti"},{"id":"160513","nama":"Purwodadi"},{"id":"160514","nama":"BTS. Ulu"},{"id":"160518","nama":"Tiang Pumpung Kepungut"},{"id":"160519","nama":"Sumber Harta"},{"id":"160520","nama":"Tuah Negeri"},{"id":"160521","nama":"Suka Karya"}]