[{"id":"160601","nama":"Sekayu"},{"id":"160602","nama":"Lais"},{"id":"160603","nama":"Sungai Keruh"},{"id":"160604","nama":"Batang Hari Leko"},{"id":"160605","nama":"Sanga Desa"},{"id":"160606","nama":"Babat Toman"},{"id":"160607","nama":"Sungai Lilin"},{"id":"160608","nama":"Keluang"},{"id":"160609","nama":"Bayung Lencir"},{"id":"160610","nama":"Plakat Tinggi"},{"id":"160611","nama":"Lalan"},{"id":"160612","nama":"Tungkal Jaya"},{"id":"160613","nama":"Lawang Wetan"},{"id":"160614","nama":"Babat Supat"},{"id":"160615","nama":"Jirak Jaya"}]