[{"id":"160701","nama":"Banyuasin I"},{"id":"160702","nama":"Banyuasin II"},{"id":"160703","nama":"Banyuasin III"},{"id":"160704","nama":"Pulau Rimau"},{"id":"160705","nama":"Betung"},{"id":"160706","nama":"Rambutan"},{"id":"160707","nama":"Muara Padang"},{"id":"160708","nama":"Muara Telang"},{"id":"160709","nama":"Makarti Jaya"},{"id":"160710","nama":"Talang Kelapa"},{"id":"160711","nama":"Rantau Bayur"},{"id":"160712","nama":"Tanjung Lago"},{"id":"160713","nama":"Muara Sugihan"},{"id":"160714","nama":"Air Salek"},{"id":"160715","nama":"Tungkal Ilir"},{"id":"160716","nama":"Suak Tapeh"},{"id":"160717","nama":"Sembawa"},{"id":"160718","nama":"Sumber Marga Telang"},{"id":"160719","nama":"Air Kumbang"},{"id":"160720","nama":"Karangagung Ilir"},{"id":"160721","nama":"Selat Panuguan"}]