[{"id":"160801","nama":"Martapura"},{"id":"160802","nama":"Buay Madang"},{"id":"160803","nama":"Belitang"},{"id":"160804","nama":"Cempaka"},{"id":"160805","nama":"Buay Pemuka Peliung"},{"id":"160806","nama":"Madang Suku II"},{"id":"160807","nama":"Madang Suku I"},{"id":"160808","nama":"Semendawai Suku III"},{"id":"160809","nama":"Belitang II"},{"id":"160810","nama":"Belitang III"},{"id":"160811","nama":"Bunga Mayang"},{"id":"160812","nama":"Buay Madang Timur"},{"id":"160813","nama":"Madang Suku III"},{"id":"160814","nama":"Semendawai Barat"},{"id":"160815","nama":"Semendawai Timur"},{"id":"160816","nama":"Jayapura"},{"id":"160817","nama":"Belitang Jaya"},{"id":"160818","nama":"Belitang Madang Raya"},{"id":"160819","nama":"Belitang Mulya"},{"id":"160820","nama":"Buay Pemuka Bangsa Raja"}]