[{"id":"160901","nama":"Muara Dua"},{"id":"160902","nama":"Pulau Beringin"},{"id":"160903","nama":"Banding Agung"},{"id":"160904","nama":"Muara Dua Kisam"},{"id":"160905","nama":"Simpang"},{"id":"160906","nama":"Buay Sandang Aji"},{"id":"160907","nama":"Buay Runjung"},{"id":"160908","nama":"Mekakau Ilir"},{"id":"160909","nama":"Buay Pemaca"},{"id":"160910","nama":"Kisam Tinggi"},{"id":"160911","nama":"Kisam Ilir"},{"id":"160912","nama":"Buay Pematang Ribu Ranau Tengah"},{"id":"160913","nama":"Warkuk Ranau Selatan"},{"id":"160914","nama":"Runjung Agung"},{"id":"160915","nama":"Sungai Are"},{"id":"160916","nama":"Sindang Danau"},{"id":"160917","nama":"Buana Pemaca"},{"id":"160918","nama":"Tiga Dihaji"},{"id":"160919","nama":"Buay Rawan"}]