[{"id":"167101","nama":"Ilir Barat II"},{"id":"167102","nama":"Seberang Ulu I"},{"id":"167103","nama":"Seberang Ulu II"},{"id":"167104","nama":"Ilir Barat I"},{"id":"167105","nama":"Ilir Timur I"},{"id":"167106","nama":"Ilir Timur II"},{"id":"167107","nama":"Sukarami"},{"id":"167108","nama":"Sako"},{"id":"167109","nama":"Kemuning"},{"id":"167110","nama":"Kalidoni"},{"id":"167111","nama":"Bukit Kecil"},{"id":"167112","nama":"Gandus"},{"id":"167113","nama":"Kertapati"},{"id":"167114","nama":"Plaju"},{"id":"167115","nama":"Alang-alang Lebar"},{"id":"167116","nama":"Sematang Borang"},{"id":"167117","nama":"Jakabaring"},{"id":"167118","nama":"Ilir Timur Tiga"}]