[{"id":"170501","nama":"Sukaraja"},{"id":"170502","nama":"Seluma"},{"id":"170503","nama":"Talo"},{"id":"170504","nama":"Semidang Alas"},{"id":"170505","nama":"Semidang Alas Maras"},{"id":"170506","nama":"Air Periukan"},{"id":"170507","nama":"Lubuk Sandi"},{"id":"170508","nama":"Seluma Barat"},{"id":"170509","nama":"Seluma Timur"},{"id":"170510","nama":"Seluma Utara"},{"id":"170511","nama":"Seluma Selatan"},{"id":"170512","nama":"Talo Kecil"},{"id":"170513","nama":"Ulu Talo"},{"id":"170514","nama":"Ilir Talo"}]