[{"id":"170601","nama":"Lubuk Pinang"},{"id":"170602","nama":"Kota Mukomuko"},{"id":"170603","nama":"Teras Terunjam"},{"id":"170604","nama":"Pondok Suguh"},{"id":"170605","nama":"Ipuh"},{"id":"170606","nama":"Malin Deman"},{"id":"170607","nama":"Air Rami"},{"id":"170608","nama":"Teramang Jaya"},{"id":"170609","nama":"Selagan Raya"},{"id":"170610","nama":"Penarik"},{"id":"170611","nama":"XIV Koto"},{"id":"170612","nama":"V Koto"},{"id":"170613","nama":"Air Majunto"},{"id":"170614","nama":"Air Dikit"},{"id":"170615","nama":"Sungai Rumbai"}]