[{"id":"180201","nama":"Kalirejo"},{"id":"180202","nama":"Bangun Rejo"},{"id":"180203","nama":"Padang Ratu"},{"id":"180204","nama":"Gunung Sugih"},{"id":"180205","nama":"Trimurjo"},{"id":"180206","nama":"Punggur"},{"id":"180207","nama":"Terbanggi Besar"},{"id":"180208","nama":"Seputih Raman"},{"id":"180209","nama":"Rumbia"},{"id":"180210","nama":"Seputih Banyak"},{"id":"180211","nama":"Seputih Mataram"},{"id":"180212","nama":"Seputih Surabaya"},{"id":"180213","nama":"Terusan Nunyai"},{"id":"180214","nama":"Bumi Ratu Nuban"},{"id":"180215","nama":"Bekri"},{"id":"180216","nama":"Seputih Agung"},{"id":"180217","nama":"Way Pangubuan"},{"id":"180218","nama":"Bandar Mataram"},{"id":"180219","nama":"Pubian"},{"id":"180220","nama":"Selagai Lingga"},{"id":"180221","nama":"Anak Tuha"},{"id":"180222","nama":"Sendang Agung"},{"id":"180223","nama":"Kota Gajah"},{"id":"180224","nama":"Bumi Nabung"},{"id":"180225","nama":"Way Seputih"},{"id":"180226","nama":"Bandar Surabaya"},{"id":"180227","nama":"Anak Ratu Aji"},{"id":"180228","nama":"Putra Rumbia"}]