[{"id":"180502","nama":"Menggala"},{"id":"180506","nama":"Gedung Aji"},{"id":"180508","nama":"Banjar Agung"},{"id":"180511","nama":"Gedung Meneng"},{"id":"180512","nama":"Rawa Jitu Selatan"},{"id":"180513","nama":"Penawar Tama"},{"id":"180518","nama":"Rawa Jitu Timur"},{"id":"180520","nama":"Banjar Margo"},{"id":"180522","nama":"Rawa Pitu"},{"id":"180523","nama":"Penawar Aji"},{"id":"180525","nama":"Dente Teladas"},{"id":"180526","nama":"Meraksa Aji"},{"id":"180527","nama":"Gedung Aji Baru"},{"id":"180529","nama":"Banjar Baru"},{"id":"180530","nama":"Menggala Timur"}]