[{"id":"210304","nama":"Midai"},{"id":"210305","nama":"Bunguran Barat"},{"id":"210306","nama":"Serasan"},{"id":"210307","nama":"Bunguran Timur"},{"id":"210308","nama":"Bunguran Utara"},{"id":"210309","nama":"Subi"},{"id":"210310","nama":"Pulau Laut"},{"id":"210311","nama":"Pulau Tiga"},{"id":"210315","nama":"Bunguran Timur Laut"},{"id":"210316","nama":"Bunguran Tengah"},{"id":"210318","nama":"Bunguran Selatan"},{"id":"210319","nama":"Serasan Timur"},{"id":"210320","nama":"Bunguran Batubi"},{"id":"210321","nama":"Pulau Tiga Barat"},{"id":"210322","nama":"Suak Midai"}]