[{"id":"320101","nama":"Cibinong"},{"id":"320102","nama":"Gunung Putri"},{"id":"320103","nama":"Citeureup"},{"id":"320104","nama":"Sukaraja"},{"id":"320105","nama":"Babakan Madang"},{"id":"320106","nama":"Jonggol"},{"id":"320107","nama":"Cileungsi"},{"id":"320108","nama":"Cariu"},{"id":"320109","nama":"Sukamakmur"},{"id":"320110","nama":"Parung"},{"id":"320111","nama":"Gunung Sindur"},{"id":"320112","nama":"Kemang"},{"id":"320113","nama":"Bojong Gede"},{"id":"320114","nama":"Leuwiliang"},{"id":"320115","nama":"Ciampea"},{"id":"320116","nama":"Cibungbulang"},{"id":"320117","nama":"Pamijahan"},{"id":"320118","nama":"Rumpin"},{"id":"320119","nama":"Jasinga"},{"id":"320120","nama":"Parung Panjang"},{"id":"320121","nama":"Nanggung"},{"id":"320122","nama":"Cigudeg"},{"id":"320123","nama":"Tenjo"},{"id":"320124","nama":"Ciawi"},{"id":"320125","nama":"Cisarua"},{"id":"320126","nama":"Megamendung"},{"id":"320127","nama":"Caringin"},{"id":"320128","nama":"Cijeruk"},{"id":"320129","nama":"Ciomas"},{"id":"320130","nama":"Dramaga"},{"id":"320131","nama":"Tamansari"},{"id":"320132","nama":"Klapanunggal"},{"id":"320133","nama":"Ciseeng"},{"id":"320134","nama":"Ranca Bungur"},{"id":"320135","nama":"Sukajaya"},{"id":"320136","nama":"Tanjungsari"},{"id":"320137","nama":"Tajurhalang"},{"id":"320138","nama":"Cigombong"},{"id":"320139","nama":"Leuwisadeng"},{"id":"320140","nama":"Tenjolaya"}]