[{"id":"320301","nama":"Cianjur"},{"id":"320302","nama":"Warungkondang"},{"id":"320303","nama":"Cibeber"},{"id":"320304","nama":"Cilaku"},{"id":"320305","nama":"Ciranjang"},{"id":"320306","nama":"Bojongpicung"},{"id":"320307","nama":"Karangtengah"},{"id":"320308","nama":"Mande"},{"id":"320309","nama":"Sukaluyu"},{"id":"320310","nama":"Pacet"},{"id":"320311","nama":"Cugenang"},{"id":"320312","nama":"Cikalongkulon"},{"id":"320313","nama":"Sukaresmi"},{"id":"320314","nama":"Sukanagara"},{"id":"320315","nama":"Campaka"},{"id":"320316","nama":"Takokak"},{"id":"320317","nama":"Kadupandak"},{"id":"320318","nama":"Pagelaran"},{"id":"320319","nama":"Tanggeung"},{"id":"320320","nama":"Cibinong"},{"id":"320321","nama":"Sindangbarang"},{"id":"320322","nama":"Agrabinta"},{"id":"320323","nama":"Cidaun"},{"id":"320324","nama":"Naringgul"},{"id":"320325","nama":"Campakamulya"},{"id":"320326","nama":"Cikadu"},{"id":"320327","nama":"Gekbrong"},{"id":"320328","nama":"Cipanas"},{"id":"320329","nama":"Cijati"},{"id":"320330","nama":"Leles"},{"id":"320331","nama":"Haurwangi"},{"id":"320332","nama":"Pasirkuda"}]