[{"id":"320405","nama":"Cileunyi"},{"id":"320406","nama":"Cimenyan"},{"id":"320407","nama":"Cilengkrang"},{"id":"320408","nama":"Bojongsoang"},{"id":"320409","nama":"Margahayu"},{"id":"320410","nama":"Margaasih"},{"id":"320411","nama":"Katapang"},{"id":"320412","nama":"Dayeuhkolot"},{"id":"320413","nama":"Banjaran"},{"id":"320414","nama":"Pameungpeuk"},{"id":"320415","nama":"Pangalengan"},{"id":"320416","nama":"Arjasari"},{"id":"320417","nama":"Cimaung"},{"id":"320425","nama":"Cicalengka"},{"id":"320426","nama":"Nagreg"},{"id":"320427","nama":"Cikancung"},{"id":"320428","nama":"Rancaekek"},{"id":"320429","nama":"Ciparay"},{"id":"320430","nama":"Pacet"},{"id":"320431","nama":"Kertasari"},{"id":"320432","nama":"Baleendah"},{"id":"320433","nama":"Majalaya"},{"id":"320434","nama":"Solokanjeruk"},{"id":"320435","nama":"Paseh"},{"id":"320436","nama":"Ibun"},{"id":"320437","nama":"Soreang"},{"id":"320438","nama":"Pasirjambu"},{"id":"320439","nama":"Ciwidey"},{"id":"320440","nama":"Rancabali"},{"id":"320444","nama":"Cangkuang"},{"id":"320446","nama":"Kutawaringin"}]