[{"id":"321001","nama":"Lemahsugih"},{"id":"321002","nama":"Bantarujeg"},{"id":"321003","nama":"Cikijing"},{"id":"321004","nama":"Talaga"},{"id":"321005","nama":"Argapura"},{"id":"321006","nama":"Maja"},{"id":"321007","nama":"Majalengka"},{"id":"321008","nama":"Sukahaji"},{"id":"321009","nama":"Rajagaluh"},{"id":"321010","nama":"Leuwimunding"},{"id":"321011","nama":"Jatiwangi"},{"id":"321012","nama":"Dawuan"},{"id":"321013","nama":"Kadipaten"},{"id":"321014","nama":"Kertajati"},{"id":"321015","nama":"Jatitujuh"},{"id":"321016","nama":"Ligung"},{"id":"321017","nama":"Sumberjaya"},{"id":"321018","nama":"Panyingkiran"},{"id":"321019","nama":"Palasah"},{"id":"321020","nama":"Cigasong"},{"id":"321021","nama":"Sindangwangi"},{"id":"321022","nama":"Banjaran"},{"id":"321023","nama":"Cingambul"},{"id":"321024","nama":"Kasokandel"},{"id":"321025","nama":"Sindang"},{"id":"321026","nama":"Malausma"}]