[{"id":"321101","nama":"Wado"},{"id":"321102","nama":"Jatinunggal"},{"id":"321103","nama":"Darmaraja"},{"id":"321104","nama":"Cibugel"},{"id":"321105","nama":"Cisitu"},{"id":"321106","nama":"Situraja"},{"id":"321107","nama":"Conggeang"},{"id":"321108","nama":"Paseh"},{"id":"321109","nama":"Surian"},{"id":"321110","nama":"Buahdua"},{"id":"321111","nama":"Tanjungsari"},{"id":"321112","nama":"Sukasari"},{"id":"321113","nama":"Pamulihan"},{"id":"321114","nama":"Cimanggung"},{"id":"321115","nama":"Jatinangor"},{"id":"321116","nama":"Rancakalong"},{"id":"321117","nama":"Sumedang Selatan"},{"id":"321118","nama":"Sumedang Utara"},{"id":"321119","nama":"Ganeas"},{"id":"321120","nama":"Tanjungkerta"},{"id":"321121","nama":"Tanjungmedar"},{"id":"321122","nama":"Cimalaka"},{"id":"321123","nama":"Cisarua"},{"id":"321124","nama":"Tomo"},{"id":"321125","nama":"Ujungjaya"},{"id":"321126","nama":"Jatigede"}]