[{"id":"321301","nama":"Sagalaherang"},{"id":"321302","nama":"Cisalak"},{"id":"321303","nama":"Subang"},{"id":"321304","nama":"Kalijati"},{"id":"321305","nama":"Pabuaran"},{"id":"321306","nama":"Purwadadi"},{"id":"321307","nama":"Pagaden"},{"id":"321308","nama":"Binong"},{"id":"321309","nama":"Ciasem"},{"id":"321310","nama":"Pusakanagara"},{"id":"321311","nama":"Pamanukan"},{"id":"321312","nama":"Jalancagak"},{"id":"321313","nama":"Blanakan"},{"id":"321314","nama":"Tanjungsiang"},{"id":"321315","nama":"Compreng"},{"id":"321316","nama":"Patokbeusi"},{"id":"321317","nama":"Cibogo"},{"id":"321318","nama":"Cipunagara"},{"id":"321319","nama":"Cijambe"},{"id":"321320","nama":"Cipeundeuy"},{"id":"321321","nama":"Legonkulon"},{"id":"321322","nama":"Cikaum"},{"id":"321323","nama":"Serangpanjang"},{"id":"321324","nama":"Sukasari"},{"id":"321325","nama":"Tambakdahan"},{"id":"321326","nama":"Kasomalang"},{"id":"321327","nama":"Dawuan"},{"id":"321328","nama":"Pagaden Barat"},{"id":"321329","nama":"Ciater"},{"id":"321330","nama":"Pusakajaya"}]