[{"id":"321601","nama":"Tarumajaya"},{"id":"321602","nama":"Babelan"},{"id":"321603","nama":"Sukawangi"},{"id":"321604","nama":"Tambelang"},{"id":"321605","nama":"Tambun Utara"},{"id":"321606","nama":"Tambun Selatan"},{"id":"321607","nama":"Cibitung"},{"id":"321608","nama":"Cikarang Barat"},{"id":"321609","nama":"Cikarang Utara"},{"id":"321610","nama":"Karang Bahagia"},{"id":"321611","nama":"Cikarang Timur"},{"id":"321612","nama":"Kedung Waringin"},{"id":"321613","nama":"Pebayuran"},{"id":"321614","nama":"Sukakarya"},{"id":"321615","nama":"Sukatani"},{"id":"321616","nama":"Cabangbungin"},{"id":"321617","nama":"Muaragembong"},{"id":"321618","nama":"Setu"},{"id":"321619","nama":"Cikarang Selatan"},{"id":"321620","nama":"Cikarang Pusat"},{"id":"321621","nama":"Serang Baru"},{"id":"321622","nama":"Cibarusah"},{"id":"321623","nama":"Bojongmangu"}]