[{"id":"321701","nama":"Lembang"},{"id":"321702","nama":"Parongpong"},{"id":"321703","nama":"Cisarua"},{"id":"321704","nama":"Cikalongwetan"},{"id":"321705","nama":"Cipeundeuy"},{"id":"321706","nama":"Ngamprah"},{"id":"321707","nama":"Cipatat"},{"id":"321708","nama":"Padalarang"},{"id":"321709","nama":"Batujajar"},{"id":"321710","nama":"Cihampelas"},{"id":"321711","nama":"Cililin"},{"id":"321712","nama":"Cipongkor"},{"id":"321713","nama":"Rongga"},{"id":"321714","nama":"Sindangkerta"},{"id":"321715","nama":"Gununghalu"},{"id":"321716","nama":"Saguling"}]