[{"id":"330301","nama":"Kemangkon"},{"id":"330302","nama":"Bukateja"},{"id":"330303","nama":"Kejobong"},{"id":"330304","nama":"Kaligondang"},{"id":"330305","nama":"Purbalingga"},{"id":"330306","nama":"Kalimanah"},{"id":"330307","nama":"Kutasari"},{"id":"330308","nama":"Mrebet"},{"id":"330309","nama":"Bobotsari"},{"id":"330310","nama":"Karangreja"},{"id":"330311","nama":"Karanganyar"},{"id":"330312","nama":"Karangmoncol"},{"id":"330313","nama":"Rembang"},{"id":"330314","nama":"Bojongsari"},{"id":"330315","nama":"Padamara"},{"id":"330316","nama":"Pengadegan"},{"id":"330317","nama":"Karangjambu"},{"id":"330318","nama":"Kertanegara"}]