[{"id":"330601","nama":"Grabag"},{"id":"330602","nama":"Ngombol"},{"id":"330603","nama":"Purwodadi"},{"id":"330604","nama":"Bagelen"},{"id":"330605","nama":"Kaligesing"},{"id":"330606","nama":"Purworejo"},{"id":"330607","nama":"Banyuurip"},{"id":"330608","nama":"Bayan"},{"id":"330609","nama":"Kutoarjo"},{"id":"330610","nama":"Butuh"},{"id":"330611","nama":"Pituruh"},{"id":"330612","nama":"Kemiri"},{"id":"330613","nama":"Bruno"},{"id":"330614","nama":"Gebang"},{"id":"330615","nama":"Loano"},{"id":"330616","nama":"Bener"}]