[{"id":"330801","nama":"Salaman"},{"id":"330802","nama":"Borobudur"},{"id":"330803","nama":"Ngluwar"},{"id":"330804","nama":"Salam"},{"id":"330805","nama":"Srumbung"},{"id":"330806","nama":"Dukun"},{"id":"330807","nama":"Sawangan"},{"id":"330808","nama":"Muntilan"},{"id":"330809","nama":"Mungkid"},{"id":"330810","nama":"Mertoyudan"},{"id":"330811","nama":"Tempuran"},{"id":"330812","nama":"Kajoran"},{"id":"330813","nama":"Kaliangkrik"},{"id":"330814","nama":"Bandongan"},{"id":"330815","nama":"Candimulyo"},{"id":"330816","nama":"Pakis"},{"id":"330817","nama":"Ngablak"},{"id":"330818","nama":"Grabag"},{"id":"330819","nama":"Tegalrejo"},{"id":"330820","nama":"Secang"},{"id":"330821","nama":"Windusari"}]