[{"id":"330901","nama":"Selo"},{"id":"330902","nama":"Ampel"},{"id":"330903","nama":"Cepogo"},{"id":"330904","nama":"Musuk"},{"id":"330905","nama":"Boyolali"},{"id":"330906","nama":"Mojosongo"},{"id":"330907","nama":"Teras"},{"id":"330908","nama":"Sawit"},{"id":"330909","nama":"Banyudono"},{"id":"330910","nama":"Sambi"},{"id":"330911","nama":"Ngemplak"},{"id":"330912","nama":"Nogosari"},{"id":"330913","nama":"Simo"},{"id":"330914","nama":"Karanggede"},{"id":"330915","nama":"Klego"},{"id":"330916","nama":"Andong"},{"id":"330917","nama":"Kemusu"},{"id":"330918","nama":"Wonosegoro"},{"id":"330919","nama":"Juwangi"},{"id":"330920","nama":"Gladagsari"},{"id":"330921","nama":"Tamansari"},{"id":"330922","nama":"Wonosamodro"}]