[{"id":"331301","nama":"Jatipuro"},{"id":"331302","nama":"Jatiyoso"},{"id":"331303","nama":"Jumapolo"},{"id":"331304","nama":"Jumantono"},{"id":"331305","nama":"Matesih"},{"id":"331306","nama":"Tawangmangu"},{"id":"331307","nama":"Ngargoyoso"},{"id":"331308","nama":"Karangpandan"},{"id":"331309","nama":"Karanganyar"},{"id":"331310","nama":"Tasikmadu"},{"id":"331311","nama":"Jaten"},{"id":"331312","nama":"Colomadu"},{"id":"331313","nama":"Gondangrejo"},{"id":"331314","nama":"Kebakkramat"},{"id":"331315","nama":"Mojogedang"},{"id":"331316","nama":"Kerjo"},{"id":"331317","nama":"Jenawi"}]