[{"id":"331601","nama":"Jati"},{"id":"331602","nama":"Randublatung"},{"id":"331603","nama":"Kradenan"},{"id":"331604","nama":"Kedungtuban"},{"id":"331605","nama":"Cepu"},{"id":"331606","nama":"Sambong"},{"id":"331607","nama":"Jiken"},{"id":"331608","nama":"Jepon"},{"id":"331609","nama":"Blora"},{"id":"331610","nama":"Tunjungan"},{"id":"331611","nama":"Banjarejo"},{"id":"331612","nama":"Ngawen"},{"id":"331613","nama":"Kunduran"},{"id":"331614","nama":"Todanan"},{"id":"331615","nama":"Bogorejo"},{"id":"331616","nama":"Japah"}]