[{"id":"332201","nama":"Getasan"},{"id":"332202","nama":"Tengaran"},{"id":"332203","nama":"Susukan"},{"id":"332204","nama":"Suruh"},{"id":"332205","nama":"Pabelan"},{"id":"332206","nama":"Tuntang"},{"id":"332207","nama":"Banyubiru"},{"id":"332208","nama":"Jambu"},{"id":"332209","nama":"Sumowono"},{"id":"332210","nama":"Ambarawa"},{"id":"332211","nama":"Bawen"},{"id":"332212","nama":"Bringin"},{"id":"332213","nama":"Bergas"},{"id":"332215","nama":"Pringapus"},{"id":"332216","nama":"Bancak"},{"id":"332217","nama":"Kaliwungu"},{"id":"332218","nama":"Ungaran Barat"},{"id":"332219","nama":"Ungaran Timur"},{"id":"332220","nama":"Bandungan"}]