[{"id":"332401","nama":"Plantungan"},{"id":"332402","nama":"Pageruyung"},{"id":"332403","nama":"Sukorejo"},{"id":"332404","nama":"Patean"},{"id":"332405","nama":"Singorojo"},{"id":"332406","nama":"Limbangan"},{"id":"332407","nama":"Boja"},{"id":"332408","nama":"Kaliwungu"},{"id":"332409","nama":"Brangsong"},{"id":"332410","nama":"Pegandon"},{"id":"332411","nama":"Gemuh"},{"id":"332412","nama":"Weleri"},{"id":"332413","nama":"Cepiring"},{"id":"332414","nama":"Patebon"},{"id":"332415","nama":"Kendal"},{"id":"332416","nama":"Rowosari"},{"id":"332417","nama":"Kangkung"},{"id":"332418","nama":"Ringinarum"},{"id":"332419","nama":"Ngampel"},{"id":"332420","nama":"Kaliwungu Selatan"}]