[{"id":"332501","nama":"Wonotunggal"},{"id":"332502","nama":"Bandar"},{"id":"332503","nama":"Blado"},{"id":"332504","nama":"Reban"},{"id":"332505","nama":"Bawang"},{"id":"332506","nama":"Tersono"},{"id":"332507","nama":"Gringsing"},{"id":"332508","nama":"Limpung"},{"id":"332509","nama":"Subah"},{"id":"332510","nama":"Tulis"},{"id":"332511","nama":"Batang"},{"id":"332512","nama":"Warungasem"},{"id":"332513","nama":"Kandeman"},{"id":"332514","nama":"Pecalungan"},{"id":"332515","nama":"Banyuputih"}]