[{"id":"332901","nama":"Salem"},{"id":"332902","nama":"Bantarkawung"},{"id":"332903","nama":"Bumiayu"},{"id":"332904","nama":"Paguyangan"},{"id":"332905","nama":"Sirampog"},{"id":"332906","nama":"Tonjong"},{"id":"332907","nama":"Jatibarang"},{"id":"332908","nama":"Wanasari"},{"id":"332909","nama":"Brebes"},{"id":"332910","nama":"Songgom"},{"id":"332911","nama":"Kersana"},{"id":"332912","nama":"Losari"},{"id":"332913","nama":"Tanjung"},{"id":"332914","nama":"Bulakamba"},{"id":"332915","nama":"Larangan"},{"id":"332916","nama":"Ketanggungan"},{"id":"332917","nama":"Banjarharjo"}]